assets/favicons/android-chrome-192x192.png	site.webmanifest
assets/favicons/android-chrome-512x512.png	site.webmanifest
assets/favicons/apple-touch-icon.png	pages/latitude-sud-news.html
assets/favicons/favicon-16x16.png	pages/latitude-sud-news.html
assets/favicons/favicon-32x32.png	pages/latitude-sud-news.html
assets/hero.jpg	pages/latitude-sud-news.html
assets/icons/ui/icon-ui-cocotier.svg	js/components.js
assets/icons/ui/trait-ls-2.svg	css/globals.css
assets/icons/ui/trait-ls-3.svg	index.html
assets/icons/ui/trait-ls.svg	css/globals.css
assets/illustrations/moto/Grenat-clean.webp	pages/agence.html
assets/illustrations/moto/grenat-print-cutout.webp	pages/charte-graphique.html
assets/illustrations/moto/grenat-social-cutout.webp	pages/social.html
assets/illustrations/moto/grenat-video-cutout.webp	pages/photos.html
assets/illustrations/moto/grenat-web-cutout.webp	pages/catalogue.html
assets/logo-sud.svg	index.html,js/components.js,pages/agence.html,pages/catalogue.html,pages/charte-graphique.html,pages/contact.html,pages/latitude-sud-news.html,pages/mentions-legales.html,pages/photos.html,pages/politique-de-confidentialite.html,pages/realisations.html,pages/social.html
assets/logos/gamm-vert-official.webp	js/components.js,pages/catalogue.html
assets/logos/Logo-Clients-black-Affligem.svg	index.html,pages/latitude-sud-news.html
assets/logos/Logo-Clients-black-autodiscount.svg	index.html,pages/latitude-sud-news.html
assets/logos/Logo-Clients-black-bebe-9.svg	index.html,pages/latitude-sud-news.html
assets/logos/Logo-Clients-black-BelAirSup.svg	index.html,pages/latitude-sud-news.html
assets/logos/Logo-Clients-black-Canal-plus.svg	index.html,pages/latitude-sud-news.html
assets/logos/Logo-Clients-black-CapCreole.svg	index.html,js/components.js,pages/latitude-sud-news.html
assets/logos/Logo-Clients-black-Caribois.svg	index.html,pages/latitude-sud-news.html
assets/logos/Logo-Clients-black-carrefour.svg	index.html,js/components.js,pages/catalogue.html,pages/latitude-sud-news.html
assets/logos/Logo-Clients-black-CIST.svg	index.html,pages/latitude-sud-news.html
assets/logos/Logo-Clients-black-decathlon.svg	index.html,js/components.js,pages/catalogue.html,pages/latitude-sud-news.html
assets/logos/Logo-Clients-black-digilife.svg	index.html,js/components.js,pages/catalogue.html,pages/latitude-sud-news.html
assets/logos/Logo-Clients-black-histoire-dor.svg	index.html,pages/latitude-sud-news.html
assets/logos/Logo-Clients-black-ioburo.svg	index.html,pages/latitude-sud-news.html
assets/logos/Logo-Clients-black-jose-fabricator.svg	index.html,pages/latitude-sud-news.html
assets/logos/Logo-Clients-black-la-foir-fouille.png	index.html,js/components.js,pages/catalogue.html,pages/latitude-sud-news.html
assets/logos/Logo-Clients-black-laroutedurhum.svg	index.html,pages/latitude-sud-news.html
assets/logos/Logo-Clients-black-mango.svg	index.html,pages/latitude-sud-news.html
assets/logos/Logo-Clients-black-montebello.svg	index.html,pages/latitude-sud-news.html
assets/logos/Logo-Clients-black-mr-bricolage.svg	index.html,pages/catalogue.html,pages/latitude-sud-news.html
assets/logos/Logo-Clients-black-persepolis.svg	index.html,pages/latitude-sud-news.html
assets/logos/Logo-Clients-black-phoenicia.svg	index.html,pages/latitude-sud-news.html
assets/logos/Logo-Clients-black-piton.svg	index.html,pages/latitude-sud-news.html
assets/logos/Logo-Clients-black-porter.svg	index.html,pages/latitude-sud-news.html
assets/logos/Logo-Clients-black-siligom.svg	index.html,pages/latitude-sud-news.html
assets/logos/Logo-Clients-black-sol.svg	index.html,pages/latitude-sud-news.html
assets/logos/Logo-Clients-Capaceo.svg	index.html,pages/latitude-sud-news.html
assets/logos/Logo-Clients-white-digilife.svg	js/components.js,pages/social.html
assets/placeholders/catalogue.jpg	index.html
assets/placeholders/identite.jpg	index.html
assets/placeholders/social.jpg	index.html
assets/projects/bonnes-epices/applications/facebook.webp	js/components.js
assets/projects/bonnes-epices/applications/icon.webp	css/globals.css
assets/projects/bonnes-epices/applications/pattern-a-vert.png	js/components.js
assets/projects/bonnes-epices/applications/pattern-b-jaune.webp	js/components.js
assets/projects/bonnes-epices/applications/pattern-promotion.webp	js/components.js
assets/projects/bonnes-epices/applications/t-shirt-custom.webp	js/components.js
assets/projects/bonnes-epices/applications/tote-bag-custom.webp	js/components.js
assets/projects/bonnes-epices/editorial/colombo-square.webp	js/components.js
assets/projects/bonnes-epices/editorial/colombo-wide.webp	js/components.js
assets/projects/bonnes-epices/editorial/history-clove-closeup.webp	js/components.js
assets/projects/bonnes-epices/editorial/history-clove-drying.webp	js/components.js
assets/projects/bonnes-epices/editorial/history-clove-wide.webp	js/components.js
assets/projects/bonnes-epices/editorial/history-nutmeg.webp	js/components.js
assets/projects/bonnes-epices/editorial/recipe-soup-cover.webp	js/components.js
assets/projects/bonnes-epices/editorial/recipe-soup-ingredients.webp	js/components.js
assets/projects/bonnes-epices/editorial/recipe-soup-step-one.webp	js/components.js
assets/projects/bonnes-epices/editorial/recipe-soup-step-two.webp	js/components.js
assets/projects/bonnes-epices/identity/logo-badge-bicolor-jaune.svg	js/components.js
assets/projects/bonnes-epices/identity/logo-badge-bicolor-vert.svg	js/components.js
assets/projects/bonnes-epices/identity/logo-badge-original.svg	js/components.js
assets/projects/bonnes-epices/identity/logo-badge-vert.svg	js/components.js
assets/projects/bonnes-epices/identity/logo-badge-vertfonce.svg	js/components.js
assets/projects/bonnes-epices/identity/logo-detail-dossier.webp	js/components.js
assets/projects/bonnes-epices/identity/logo-horizontal-white.webp	js/components.js
assets/projects/bonnes-epices/identity/logo-horizontal-yellow.webp	js/components.js
assets/projects/bonnes-epices/logo-after.webp	js/components.js
assets/projects/bonnes-epices/logo-before.webp	js/components.js
assets/projects/bonnes-epices/presentation/bonnes-epices-cartes-visite-mockup.webp	js/components.js
assets/projects/bonnes-epices/terrain/rayon-cannelle.webp	js/components.js
assets/projects/bonnes-epices/terrain/rayon-coco-carre.webp	js/components.js
assets/projects/bonnes-epices/terrain/rayon-massale-bois-inde.webp	js/components.js
assets/projects/bonnes-epices/terrain/rayon-piments-poivre.webp	js/components.js
assets/projects/bonnes-epices/thumbnail/thumbnail-les-bonnes-epices-rebranding-2023.webp	pages/charte-graphique.html
assets/projects/cap-creole/gallery/cap-creole-rose-selection.webp	js/components.js,pages/photos.html
assets/projects/cap-creole/gallery/cap-creole-saucisses-marlin.webp	js/components.js,pages/photos.html
assets/projects/cap-creole/hero/hero-gratinees-morue-composition.webp	js/components.js
assets/projects/cap-creole/thumbnail/cap-creole-burger.webp	js/components.js,pages/photos.html
assets/projects/cap-creole/workflow/degustation-01-source.webp	js/components.js,pages/photos.html
assets/projects/cap-creole/workflow/degustation-02-habillage.webp	js/components.js,pages/photos.html
assets/projects/cap-creole/workflow/degustation-03-publication.webp	js/components.js,pages/photos.html
assets/projects/catalogues/carrefour/catalogue-01-cover.webp	js/components.js
assets/projects/catalogues/carrefour/catalogue-01-page-02.webp	js/components.js
assets/projects/catalogues/carrefour/catalogue-01-page-08.webp	js/components.js
assets/projects/catalogues/carrefour/catalogue-01-page-13.webp	js/components.js
assets/projects/catalogues/carrefour/catalogue-01-page-18.webp	js/components.js
assets/projects/catalogues/carrefour/catalogue-02-cover.webp	js/components.js
assets/projects/catalogues/carrefour/catalogue-02-page-08.webp	js/components.js
assets/projects/catalogues/carrefour/catalogue-02-page-09.webp	js/components.js
assets/projects/catalogues/carrefour/catalogue-02-page-13.webp	js/components.js
assets/projects/catalogues/carrefour/catalogue-02-page-15.webp	js/components.js
assets/projects/catalogues/carrefour/couvcarrfouf.webp	js/components.js
assets/projects/catalogues/carrefour/print-instore/set-1-1.webp	js/components.js
assets/projects/catalogues/carrefour/print-instore/set-1-2.webp	js/components.js
assets/projects/catalogues/carrefour/print-instore/set-1-3.webp	js/components.js
assets/projects/catalogues/carrefour/print-instore/set-2-1.webp	js/components.js
assets/projects/catalogues/carrefour/print-instore/set-2-2.webp	js/components.js
assets/projects/catalogues/carrefour/print-instore/set-2-3.webp	js/components.js
assets/projects/catalogues/carrefour/print-instore/set-3-1.webp	js/components.js
assets/projects/catalogues/carrefour/print-instore/set-3-2.webp	js/components.js
assets/projects/catalogues/carrefour/print-instore/set-3-3.webp	js/components.js
assets/projects/catalogues/decathlon/c1-cover.webp	js/components.js
assets/projects/catalogues/decathlon/c2-cover.webp	js/components.js
assets/projects/catalogues/decathlon/c3-cover.webp	js/components.js
assets/projects/catalogues/decathlon/c5-cover.webp	js/components.js
assets/projects/catalogues/decathlon/hero-photo.webp	js/components.js
assets/projects/catalogues/decathlon/mockup-multiscreen.webp	js/components.js
assets/projects/catalogues/decathlon/process/a1-source.webp	js/components.js
assets/projects/catalogues/decathlon/process/a2-scene.webp	js/components.js
assets/projects/catalogues/decathlon/process/b2-scene.webp	js/components.js
assets/projects/catalogues/decathlon/process/c1-integration-foot.webp	js/components.js
assets/projects/catalogues/decathlon/process/localise-shoes.webp	js/components.js
assets/projects/catalogues/decathlon/process/situ-catalog.webp	js/components.js
assets/projects/catalogues/decathlon/process/situ-photo-source.webp	js/components.js
assets/projects/catalogues/decathlon/process/situ-products-plate.webp	js/components.js
assets/projects/catalogues/decathlon/process/situ-transform.webp	js/components.js
assets/projects/catalogues/decathlon/process/usage-catalog.webp	js/components.js
assets/projects/catalogues/decathlon/spreads/c1-s1-left.webp	js/components.js
assets/projects/catalogues/decathlon/spreads/c1-s1-right.webp	js/components.js
assets/projects/catalogues/decathlon/spreads/c1-s2-left.webp	js/components.js
assets/projects/catalogues/decathlon/spreads/c1-s2-right.webp	js/components.js
assets/projects/catalogues/decathlon/spreads/c2-s1-left.webp	js/components.js
assets/projects/catalogues/decathlon/spreads/c2-s1-right.webp	js/components.js
assets/projects/catalogues/decathlon/spreads/c2-s2-left.webp	js/components.js
assets/projects/catalogues/decathlon/spreads/c2-s2-right.webp	js/components.js
assets/projects/catalogues/decathlon/spreads/c3-s2-left.webp	js/components.js
assets/projects/catalogues/decathlon/spreads/c3-s2-right.webp	js/components.js
assets/projects/catalogues/decathlon/spreads/c4-s1-left.webp	js/components.js
assets/projects/catalogues/decathlon/spreads/c4-s1-right.webp	js/components.js
assets/projects/catalogues/decathlon/spreads/c5-s1-left.webp	js/components.js
assets/projects/catalogues/decathlon/spreads/c5-s1-right.webp	js/components.js
assets/projects/catalogues/decathlon/spreads/c5-s2-left.webp	js/components.js
assets/projects/catalogues/decathlon/spreads/c5-s2-right.webp	js/components.js
assets/projects/catalogues/digilife/hero-bg.webp	js/components.js
assets/projects/catalogues/digilife/mockup-multiscreen.webp	js/components.js
assets/projects/catalogues/digilife/personas/band-airpods-pro.webp	js/components.js
assets/projects/catalogues/digilife/personas/band-airpods.webp	js/components.js
assets/projects/catalogues/digilife/personas/band-imac-24.webp	js/components.js
assets/projects/catalogues/digilife/personas/band-iphone-air.webp	js/components.js
assets/projects/catalogues/digilife/personas/band-mac-mini.webp	js/components.js
assets/projects/catalogues/digilife/personas/band-watch-11.webp	js/components.js
assets/projects/catalogues/digilife/posts/post-digimag.webp	js/components.js
assets/projects/catalogues/digilife/posts/post-iphone16.webp	js/components.js
assets/projects/catalogues/digilife/posts/post-macbook-air-m1.webp	js/components.js
assets/projects/catalogues/digilife/process/r1-integration-airpods.webp	js/components.js
assets/projects/catalogues/digilife/process/r1-personas-airpods.webp	js/components.js
assets/projects/catalogues/digilife/process/r1-produit-airpods.webp	js/components.js
assets/projects/catalogues/digilife/process/r2-integration-ipad.webp	js/components.js
assets/projects/catalogues/digilife/process/r2-personas-ipad.webp	js/components.js
assets/projects/catalogues/digilife/process/r2-produit-ipad.webp	js/components.js
assets/projects/catalogues/digilife/spreads/spread-01-left.webp	js/components.js
assets/projects/catalogues/digilife/spreads/spread-01-right.webp	js/components.js
assets/projects/catalogues/digilife/spreads/spread-02-left.webp	js/components.js
assets/projects/catalogues/digilife/spreads/spread-02-right.webp	js/components.js
assets/projects/catalogues/digilife/spreads/spread-03-left.webp	js/components.js
assets/projects/catalogues/digilife/spreads/spread-03-right.webp	js/components.js
assets/projects/catalogues/gamme-vert/campaigns/bien-se-reposer-header-mockup.webp	js/components.js
assets/projects/catalogues/gamme-vert/campaigns/bien-se-reposer-square.webp	js/components.js
assets/projects/catalogues/gamme-vert/campaigns/bien-se-reposer-story.webp	js/components.js
assets/projects/catalogues/gamme-vert/catalogue-01-page-02.webp	js/components.js
assets/projects/catalogues/gamme-vert/catalogue-01-page-03.webp	js/components.js
assets/projects/catalogues/gamme-vert/catalogue-01-page-04.webp	js/components.js
assets/projects/catalogues/gamme-vert/catalogue-01-page-05.webp	js/components.js
assets/projects/catalogues/gamme-vert/catalogue-02-page-02.webp	js/components.js
assets/projects/catalogues/gamme-vert/catalogue-02-page-03.webp	js/components.js
assets/projects/catalogues/gamme-vert/catalogue-02-page-04.webp	js/components.js
assets/projects/catalogues/gamme-vert/catalogue-02-page-05.webp	js/components.js
assets/projects/catalogues/gamme-vert/couvgammvert1.webp	js/components.js
assets/projects/catalogues/gamme-vert/couvgammvert2.webp	js/components.js
assets/projects/catalogues/gamme-vert/couvgamvert.webp	js/components.js
assets/projects/catalogues/la-foir-fouille/campaigns/fetes-story.webp	js/components.js
assets/projects/catalogues/la-foir-fouille/campaigns/jardin-story.webp	js/components.js
assets/projects/catalogues/la-foir-fouille/campaigns/maison-story.webp	js/components.js
assets/projects/catalogues/la-foir-fouille/fetes-cover.webp	js/components.js
assets/projects/catalogues/la-foir-fouille/fetes-page-02.webp	js/components.js
assets/projects/catalogues/la-foir-fouille/fetes-page-03.webp	js/components.js
assets/projects/catalogues/la-foir-fouille/fetes-page-04.webp	js/components.js
assets/projects/catalogues/la-foir-fouille/fetes-page-05.webp	js/components.js
assets/projects/catalogues/la-foir-fouille/jardin-cover.webp	js/components.js
assets/projects/catalogues/la-foir-fouille/jardin-page-02.webp	js/components.js
assets/projects/catalogues/la-foir-fouille/jardin-page-03.webp	js/components.js
assets/projects/catalogues/la-foir-fouille/jardin-page-04.webp	js/components.js
assets/projects/catalogues/la-foir-fouille/jardin-page-05.webp	js/components.js
assets/projects/catalogues/la-foir-fouille/maison-cover.webp	js/components.js
assets/projects/catalogues/la-foir-fouille/maison-page-02.webp	js/components.js
assets/projects/catalogues/la-foir-fouille/maison-page-03.webp	js/components.js
assets/projects/catalogues/la-foir-fouille/maison-page-05.webp	js/components.js
assets/projects/catalogues/la-foir-fouille/maison-page-06.webp	js/components.js
assets/projects/catalogues/la-foir-fouille/showcase-trois-catalogues.webp	js/components.js
assets/projects/catalogues/mr-bricolage/brand/logo-gp-color.svg	js/components.js
assets/projects/catalogues/mr-bricolage/brand/logo-gp-red-circle.svg	js/components.js
assets/projects/catalogues/mr-bricolage/brand/logo-gp-white-circle.svg	js/components.js
assets/projects/catalogues/mr-bricolage/brand/logo-m-mark.svg	css/globals.css,js/components.js
assets/projects/catalogues/mr-bricolage/fete-des-meres/covers/cover-proposal-a.webp	js/components.js
assets/projects/catalogues/mr-bricolage/fete-des-meres/covers/cover-proposal-b.webp	js/components.js
assets/projects/catalogues/mr-bricolage/fete-des-meres/covers/cover-selected.webp	js/components.js
assets/projects/catalogues/mr-bricolage/fete-des-meres/products/product-01-slushy.webp	js/components.js
assets/projects/catalogues/mr-bricolage/fete-des-meres/products/product-02-bouquet.webp	js/components.js
assets/projects/catalogues/mr-bricolage/mockup-catalogue-mr-bricolage-guadeloupe.webp	pages/realisations.html
assets/projects/catalogues/mr-bricolage/outillage-auto/covers/cover-proposal-a.webp	js/components.js
assets/projects/catalogues/mr-bricolage/outillage-auto/covers/cover-proposal-b.webp	js/components.js
assets/projects/catalogues/mr-bricolage/outillage-auto/covers/cover-selected.webp	js/components.js
assets/projects/catalogues/mr-bricolage/outillage-auto/products/product-01-batterie-auto.webp	js/components.js
assets/projects/catalogues/mr-bricolage/outillage-auto/products/product-02-station-nettoyage.webp	js/components.js
assets/projects/catalogues/mr-bricolage/print-digital/mockup.webp	js/components.js
assets/projects/catalogues/mr-bricolage/social/post-portrait.webp	js/components.js
assets/projects/catalogues/mr-bricolage/social/post-square.webp	js/components.js
assets/projects/catalogues/mr-bricolage/social/post-story.webp	js/components.js
assets/projects/catalogues/mr-bricolage/social/post-wide.webp	js/components.js
assets/projects/catalogues/mr-bricolage/votre-projet/covers/cover-proposal-a.webp	js/components.js
assets/projects/catalogues/mr-bricolage/votre-projet/covers/cover-proposal-b.webp	js/components.js
assets/projects/catalogues/mr-bricolage/votre-projet/covers/cover-selected.webp	js/components.js
assets/projects/catalogues/mr-bricolage/votre-projet/products/product-01-cuisine.webp	js/components.js
assets/projects/catalogues/mr-bricolage/votre-projet/products/product-02-airfryer.webp	js/components.js
assets/projects/cist/application-facebook-square.webp	js/components.js
assets/projects/cist/application-instagram.webp	js/components.js
assets/projects/cist/branch-maintien.webp	js/components.js
assets/projects/cist/branch-risque.webp	js/components.js
assets/projects/cist/branch-suivi.webp	js/components.js
assets/projects/cist/card-thumbnail-centered.webp	pages/charte-graphique.html
assets/projects/cist/flyer-boulanger-patissier.jpg	js/components.js
assets/projects/cist/flyer-rayonnement-ionisant.jpg	js/components.js
assets/projects/cist/guidelines/cist-systeme-pictogrammes.webp	js/components.js
assets/projects/cist/guidelines/cist-zone-protection-horizontal.webp	js/components.js
assets/projects/cist/guidelines/cist-zone-protection-vertical.webp	js/components.js
assets/projects/cist/logo-before.webp	js/components.js
assets/projects/cist/logo-horizontal.webp	js/components.js
assets/projects/cist/logo-icon.webp	js/components.js
assets/projects/cist/logo-vertical-trimmed.webp	js/components.js
assets/projects/cist/logo-vertical.webp	js/components.js
assets/projects/cist/mockup-business-cards.webp	js/components.js
assets/projects/cist/mockup-event-rollup.webp	js/components.js
assets/projects/cist/photo-accompagnement.webp	js/components.js
assets/projects/cist/photo-consultation.webp	js/components.js
assets/projects/cist/photo-dialogue.webp	js/components.js
assets/projects/cist/photo-ecoute.webp	js/components.js
assets/projects/cist/photo-prevention-collective.webp	js/components.js
assets/projects/cist/website/cist-site-accueil-2026.jpg	js/components.js
assets/projects/cist/website/cist-site-actualites-faq.jpg	js/components.js
assets/projects/cist/website/cist-site-tarifs.jpg	js/components.js
assets/projects/hfwi/gallery/affligem/20250225-affligem-degustation-A3_A4-planche-A.jpg	pages/photos.html
assets/projects/hfwi/gallery/affligem/20250225-affligem-degustation-A3_A4-rillettes.jpg	pages/photos.html
assets/projects/hfwi/gallery/affligem/affligem-a3-marinades.webp	pages/photos.html
assets/projects/hfwi/gallery/affligem/affligem-a3-planches-a.webp	pages/photos.html
assets/projects/hfwi/gallery/affligem/affligem-a3-planches-b.webp	pages/photos.html
assets/projects/hfwi/gallery/affligem/affligem-a3-rillettes.webp	pages/photos.html
assets/projects/hfwi/gallery/affligem/affligem-blason.webp	pages/photos.html
assets/projects/hfwi/gallery/affligem/affligem-encart-planches-b.webp	pages/photos.html
assets/projects/hfwi/gallery/affligem/affligem-encart-rillettes.webp	pages/photos.html
assets/projects/hfwi/gallery/affligem/affligem-shooting-marina.webp	pages/photos.html
assets/projects/hfwi/gallery/affligem/scouting/affligem-reperage-interieur-large.jpg	pages/photos.html
assets/projects/hfwi/gallery/affligem/scouting/affligem-reperage-interieur-serre.jpg	pages/photos.html
assets/projects/hfwi/gallery/affligem/scouting/affligem-reperage-marina.jpg	pages/photos.html
assets/projects/hfwi/gallery/porter-01.webp	pages/photos.html
assets/projects/hfwi/gallery/porter-02.webp	pages/photos.html
assets/projects/hfwi/gallery/porter-photo-studio-frontale.webp	pages/photos.html
assets/projects/hfwi/gallery/porter-photo-studio-inclinee.webp	pages/photos.html
assets/projects/hfwi/gallery/sol-01.webp	pages/photos.html
assets/projects/hfwi/gallery/sol-02.webp	pages/photos.html
assets/projects/hfwi/gallery/sol-03.webp	pages/photos.html
assets/projects/hfwi/gallery/sol-04.webp	pages/photos.html
assets/projects/hfwi/gallery/sol-05.webp	pages/photos.html
assets/projects/hfwi/gallery/sol-originals/sol-contreplongee.webp	pages/photos.html
assets/projects/hfwi/gallery/sol-originals/sol-coucher-soleil.webp	pages/photos.html
assets/projects/hfwi/gallery/sol-originals/sol-coulisses-controle.jpg	pages/photos.html
assets/projects/hfwi/gallery/sol-originals/sol-coulisses-installation.jpg	pages/photos.html
assets/projects/hfwi/gallery/sol-originals/sol-exterieur-rochers.webp	pages/photos.html
assets/projects/hfwi/gallery/sol-originals/sol-palmiers.webp	index.html,pages/photos.html,pages/realisations.html
assets/projects/hfwi/gallery/sol-originals/sol-plage.webp	pages/photos.html
assets/projects/hfwi/gallery/sol-originals/sol-roche-volcanique.webp	pages/photos.html
assets/projects/hfwi/thumbs/sol-lead.webp	pages/photos.html
assets/projects/le-pressing/avant-apres/apres-gosier.webp	js/components.js
assets/projects/le-pressing/avant-apres/apres-jarry.webp	js/components.js
assets/projects/le-pressing/avant-apres/avant-agnes.webp	js/components.js
assets/projects/le-pressing/avant-apres/avant-gosier.webp	js/components.js
assets/projects/le-pressing/charte/page-05.webp	js/components.js
assets/projects/le-pressing/charte/page-06.webp	js/components.js
assets/projects/le-pressing/charte/page-08.webp	js/components.js
assets/projects/le-pressing/charte/page-09.webp	js/components.js
assets/projects/le-pressing/charte/page-10.webp	js/components.js
assets/projects/le-pressing/charte/page-11.webp	js/components.js
assets/projects/le-pressing/identity/logo-white.svg	js/components.js
assets/projects/le-pressing/mockups/apron.webp	js/components.js
assets/projects/le-pressing/mockups/brand-card-front.webp	js/components.js
assets/projects/le-pressing/mockups/business-card.webp	js/components.js
assets/projects/le-pressing/mockups/garment-cover.webp	js/components.js
assets/projects/le-pressing/mockups/garment-tag.webp	js/components.js
assets/projects/le-pressing/mockups/letterhead.webp	js/components.js
assets/projects/le-pressing/mockups/second-store.webp	js/components.js
assets/projects/le-pressing/terrain/van-face.webp	js/components.js
assets/projects/le-pressing/terrain/van-lateral.webp	js/components.js
assets/projects/les-belles-envies/gallery/gallery-brioche-brut.webp	js/components.js
assets/projects/les-belles-envies/gallery/gallery-brioche-composition.webp	js/components.js
assets/projects/les-belles-envies/gallery/gallery-croissant-brut.webp	js/components.js
assets/projects/les-belles-envies/gallery/gallery-croissant-composition.webp	js/components.js
assets/projects/les-belles-envies/gallery/gallery-tartelette-passion.webp	js/components.js
assets/projects/les-belles-envies/hero/hero-fraisier-composition.webp	js/components.js,pages/photos.html
assets/projects/les-belles-envies/hero/hero-rocher-photo.webp	js/components.js
assets/projects/les-belles-envies/logo/lbe-logo-horizontal-white.webp	js/components.js
assets/projects/les-belles-envies/logo/lbe-logo-mark-white.webp	js/components.js
assets/projects/les-belles-envies/workflow/eclair-chocolat/workflow-eclair-01-brut.webp	js/components.js
assets/projects/les-belles-envies/workflow/eclair-chocolat/workflow-eclair-02-retouche.webp	js/components.js
assets/projects/les-belles-envies/workflow/eclair-chocolat/workflow-eclair-03-composition.webp	js/components.js
assets/projects/les-belles-envies/workflow/fraisier/workflow-fraisier-01-brut.webp	js/components.js
assets/projects/les-belles-envies/workflow/fraisier/workflow-fraisier-02-retouche.webp	js/components.js
assets/projects/les-belles-envies/workflow/fraisier/workflow-fraisier-03-composition.webp	js/components.js
assets/projects/les-belles-envies/workflow/rocher-chocolat/workflow-rocher-01-brut.webp	js/components.js
assets/projects/les-belles-envies/workflow/rocher-chocolat/workflow-rocher-02-retouche.webp	js/components.js
assets/projects/les-belles-envies/workflow/rocher-chocolat/workflow-rocher-03-composition.webp	js/components.js
assets/projects/marina/charte-format-square.webp	js/components.js,pages/realisations.html
assets/projects/marina/charte-foundations.webp	js/components.js
assets/projects/marina/logo-after.webp	js/components.js,pages/charte-graphique.html
assets/projects/marina/logo-before.webp	js/components.js
assets/projects/marina/logo-blue-transparent.webp	js/components.js
assets/projects/marina/mockups/generated/marina-badge-acces.webp	js/components.js
assets/projects/marina/mockups/generated/marina-borne-digitale.webp	js/components.js
assets/projects/marina/mockups/generated/marina-drapeaux.webp	js/components.js
assets/projects/marina/mockups/generated/marina-guide-port.webp	js/components.js
assets/projects/marina/mockups/generated/marina-plan-orientation.webp	js/components.js
assets/projects/marina/mockups/generated/marina-polo-equipe.webp	js/components.js
assets/projects/marina/mockups/generated/marina-poloshirts.webp	js/components.js
assets/projects/marina/mockups/generated/marina-signaletique.webp	js/components.js
assets/projects/marina/mockups/marina-equipe-accueil.webp	js/components.js
assets/projects/marina/mockups/marina-kit-visiteur.webp	js/components.js
assets/projects/marina/simulation-4_3-source.webp	js/components.js
assets/projects/marina/simulation-4_3.webp	js/components.js
assets/projects/sa-pressing/brand-card-front-no-url.webp	pages/charte-graphique.html
assets/projects/smgeag/icon-hussard-trim.webp	js/components.js
assets/projects/smgeag/icon-primary-trim.webp	js/components.js
assets/projects/smgeag/icon-silver-trim.webp	js/components.js
assets/projects/smgeag/logo-baseline-transparent.webp	js/components.js
assets/projects/smgeag/logo-bicolor-blue-card.webp	js/components.js
assets/projects/smgeag/logo-bicolor-light-card.webp	js/components.js
assets/projects/smgeag/logo-horizontal-card.webp	js/components.js
assets/projects/smgeag/logo-horizontal.webp	pages/charte-graphique.html
assets/projects/smgeag/logo-mono-dark-card.webp	js/components.js
assets/projects/smgeag/mockups/smgeag-controle-laboratoire.webp	js/components.js
assets/projects/smgeag/mockups/smgeag-controle-reseau.webp	js/components.js
assets/projects/smgeag/mockups/smgeag-equipement-terrain.webp	js/components.js
assets/projects/smgeag/mockups/smgeag-vehicule-intervention.webp	js/components.js
assets/projects/smgeag/scr-20260804-imjstra.png	js/components.js
assets/projects/so-class/gallery/so-class-brochure-mockup-jazz-2022.webp	js/components.js
assets/projects/so-class/gallery/so-class-collection-jazz-cover-clean-2022.webp	js/components.js
assets/projects/so-class/gallery/so-class-portrait-femme-lunettes-2022.webp	js/components.js
assets/projects/so-class/gallery/so-class-portrait-fiona-pap-2022.webp	js/components.js
assets/projects/so-class/gallery/so-class-portrait-homme-lunettes-2022.webp	js/components.js
assets/projects/so-class/gallery/so-class-shooting-eglise-pap-fiona-2022.webp	js/components.js
assets/projects/so-class/products/so-class-lunettes-blanc-ecaille.webp	js/components.js
assets/projects/so-class/products/so-class-lunettes-bleu-rouge.webp	js/components.js
assets/projects/so-class/products/so-class-lunettes-ecaille.webp	js/components.js
assets/projects/so-class/products/so-class-lunettes-noir-transparent.webp	js/components.js
assets/projects/so-class/profile/instagram-profile-so-class-2022.webp	js/components.js
assets/projects/so-class/thumbnail/thumbnail-so-class-projet-photo-2022.webp	pages/photos.html
assets/projects/social/auto-discount/abymes-source.webp	pages/social.html
assets/projects/social/auto-discount/accessoire-lunettes-orange-bleu-hd.webp	pages/social.html
assets/projects/social/auto-discount/campagne-fete-danger.webp	pages/social.html
assets/projects/social/auto-discount/campagne-flotte-trois-vehicules.webp	pages/social.html
assets/projects/social/auto-discount/composition-agence-abymes.webp	pages/social.html
assets/projects/social/auto-discount/composition-pointe-chateaux.webp	pages/social.html
assets/projects/social/auto-discount/duo-avion-couple-st-martin.webp	pages/social.html
assets/projects/social/auto-discount/duo-utilitaire-marche.webp	pages/social.html
assets/projects/social/auto-discount/galerie-allee-du-manoir.webp	pages/social.html
assets/projects/social/auto-discount/galerie-le-carbet.webp	pages/social.html
assets/projects/social/auto-discount/galerie-saint-martin-nature.webp	pages/social.html
assets/projects/social/auto-discount/hero-auto-discount-visual.webp	pages/social.html
assets/projects/social/auto-discount/hero-car-blue-auto-discount.webp	pages/social.html
assets/projects/social/auto-discount/lieu-brut-pointe-chateaux.webp	pages/social.html
assets/projects/social/auto-discount/logo-avatar.webp	pages/social.html
assets/projects/social/auto-discount/post-carnaval.webp	pages/social.html
assets/projects/social/auto-discount/post-final-entretien-vehicule-hd.webp	pages/social.html
assets/projects/social/auto-discount/post-final-pointe-chateaux.webp	pages/social.html
assets/projects/social/auto-discount/road-trip-guyane.webp	pages/social.html
assets/projects/social/auto-discount/road-trip-martinique.webp	pages/social.html
assets/projects/social/auto-discount/thumbnail-auto-discount-logo.webp	pages/social.html
assets/projects/social/bel-air-sup/logo.png	pages/social.html
assets/projects/social/bel-air-sup/post-01.png	pages/social.html
assets/projects/social/cap-creole/ad-01.webp	pages/social.html
assets/projects/social/cap-creole/autre-01-rillette-marlin.webp	pages/social.html
assets/projects/social/cap-creole/autre-02-tourte-crabe.webp	pages/social.html
assets/projects/social/cap-creole/autre-daurade-01-crabe.webp	pages/social.html
assets/projects/social/cap-creole/autre-daurade-02-chatrou.webp	pages/social.html
assets/projects/social/cap-creole/avap1-apres-annesolene.webp	pages/social.html
assets/projects/social/cap-creole/avap1-avant-annesolene.webp	pages/social.html
assets/projects/social/cap-creole/avap2-apres-sipe.webp	pages/social.html
assets/projects/social/cap-creole/avap2-avant-sipe.webp	pages/social.html
assets/projects/social/cap-creole/carousel-1-01.webp	js/components.js,pages/photos.html
assets/projects/social/cap-creole/carousel-1-02.webp	js/components.js,pages/photos.html
assets/projects/social/cap-creole/carousel-2-01.webp	js/components.js,pages/photos.html
assets/projects/social/cap-creole/carousel-2-02.webp	js/components.js
assets/projects/social/cap-creole/daurade-ia-process.webp	pages/social.html
assets/projects/social/cap-creole/daurade-post.webp	pages/social.html
assets/projects/social/cap-creole/daurade-scene.webp	pages/social.html
assets/projects/social/cap-creole/daurade-studio.webp	pages/social.html
assets/projects/social/cap-creole/gratinees-morue-post.webp	pages/social.html
assets/projects/social/cap-creole/gratinees-morue-scene.webp	pages/social.html
assets/projects/social/cap-creole/gratinees-morue-source-01.webp	pages/social.html
assets/projects/social/cap-creole/gratinees-morue-source-02.webp	pages/social.html
assets/projects/social/cap-creole/hero-cap-creole-bg.webp	pages/social.html
assets/projects/social/cap-creole/hero-cap-creole-visual.webp	pages/social.html
assets/projects/social/cap-creole/ig-degustation-01.webp	pages/social.html
assets/projects/social/cap-creole/ig-degustation-02.webp	pages/social.html
assets/projects/social/cap-creole/ig-degustation-03.webp	pages/social.html
assets/projects/social/cap-creole/logo-avatar.webp	pages/social.html
assets/projects/social/cap-creole/logo-wordmark.webp	pages/social.html
assets/projects/social/cap-creole/post-cannard.webp	js/components.js,pages/photos.html
assets/projects/social/capaceo/logo.png	pages/social.html
assets/projects/social/capaceo/post-01.jpg	pages/social.html
assets/projects/social/digilife/influence/michelle-campaign-cover.jpg	pages/social.html
assets/projects/social/digilife/influence/michelle-making-of-cover.jpg	pages/social.html
assets/projects/social/digilife/influence/michelle-making-of.mp4	pages/social.html
assets/projects/social/digilife/influence/michelle-teaser-cover.jpg	pages/social.html
assets/projects/social/digilife/michelmtk-hero.webp	pages/social.html
assets/projects/social/digilife/post-01.webp	pages/realisations.html,pages/social.html
assets/projects/social/digilife/post-02.webp	pages/social.html
assets/projects/social/digilife/post-03.webp	pages/social.html
assets/projects/social/digilife/post-04.webp	pages/social.html
assets/projects/social/digilife/post-05.webp	pages/social.html
assets/projects/social/digilife/post-06.webp	pages/social.html
assets/projects/social/digilife/thumbnail-digilife.webp	pages/social.html
assets/projects/social/lifeone/logo-lifeon-official.png	pages/social.html
backgrounds/image-bg/generated/hero-agence-1920.webp	pages/agence.html
backgrounds/image-bg/generated/hero-agence-960.webp	pages/agence.html
backgrounds/image-bg/generated/hero-agence-edge-1920.webp	pages/agence.html
backgrounds/image-bg/generated/hero-catalogue-1920.webp	css/portfolio-pages.css
backgrounds/image-bg/generated/hero-catalogue-960.webp	css/portfolio-pages.css
backgrounds/image-bg/generated/hero-catalogue-edge-1920.webp	css/portfolio-pages.css
backgrounds/image-bg/generated/hero-charte-1920.webp	css/portfolio-pages.css
backgrounds/image-bg/generated/hero-charte-960.webp	css/portfolio-pages.css
backgrounds/image-bg/generated/hero-charte-edge-1920.webp	css/portfolio-pages.css
backgrounds/image-bg/generated/hero-contact-1920.webp	pages/contact.html
backgrounds/image-bg/generated/hero-contact-960.webp	pages/contact.html
backgrounds/image-bg/generated/hero-contact-edge-1920.webp	pages/contact.html
backgrounds/image-bg/generated/hero-home-1920.webp	index.html
backgrounds/image-bg/generated/hero-home-960.webp	index.html
backgrounds/image-bg/generated/hero-home-edge-1920.webp	index.html
backgrounds/image-bg/generated/hero-photos-1920.webp	css/portfolio-pages.css
backgrounds/image-bg/generated/hero-photos-960.webp	css/portfolio-pages.css
backgrounds/image-bg/generated/hero-photos-edge-1920.webp	css/portfolio-pages.css
backgrounds/image-bg/generated/hero-realisations-1920.webp	pages/realisations.html
backgrounds/image-bg/generated/hero-realisations-960.webp	pages/realisations.html
backgrounds/image-bg/generated/hero-realisations-edge-1920.webp	pages/realisations.html
backgrounds/image-bg/generated/hero-social-1920.webp	css/portfolio-pages.css
backgrounds/image-bg/generated/hero-social-960.webp	css/portfolio-pages.css
backgrounds/image-bg/generated/hero-social-edge-1920.webp	css/portfolio-pages.css
backgrounds/image-bg/header-bg-homme.png	js/components.js
backgrounds/image-bg/img-bg-cta-wide-transparent.png	index.html
backgrounds/image-bg/img-bg-cta.webp	pages/realisations.html
